<?xml version="1.0" encoding="UTF-8"?>
<project-private xmlns="http://www.netbeans.org/ns/project-private/1">
    <editor-bookmarks xmlns="http://www.netbeans.org/ns/editor-bookmarks/2" lastBookmarkId="0"/>
    <open-files xmlns="http://www.netbeans.org/ns/projectui-open-files/2">
        <group>
            <file>file:/C:/Users/Scott/Desktop/CW3/src/cw3/CW3.java</file>
            <file>file:/C:/Users/Scott/Desktop/CW3/src/cw3/ImageDisplay.java</file>
            <file>file:/C:/Users/Scott/Desktop/CW3/flower.txt</file>
            <file>file:/C:/Users/Scott/Desktop/CW3/src/cw3/FileUtils.java</file>
            <file>file:/C:/Users/Scott/Desktop/CW3/src/cw3/UserInterface.java</file>
        </group>
    </open-files>
</project-private>
